{
    "os": "Windows-10-10.0.23585-SP0",
    "python": "3.7.9",
    "heartbeatAt": "2023-11-13T08:18:41.371845",
    "startedAt": "2023-11-13T08:18:37.133571",
    "docker": null,
    "cuda": null,
    "args": [
        "--loss",
        "Proxy_Anchor",
        "--model",
        "deit_small_distilled_patch16_224",
        "--embedding-size",
        "384",
        "--batch-size",
        "60",
        "--lr",
        "1e-3",
        "--dataset",
        "cub",
        "--warm",
        "5",
        "--bn-freeze",
        "0",
        "--lr-decay-step",
        "5"
    ],
    "state": "running",
    "program": "C:\\Users\\30846\\Desktop\\python\\D6900\\train.py",
    "codePathLocal": "train.py",
    "codePath": "train.py",
    "git": {
        "remote": "https://github.com/wangck20/DFML.git",
        "commit": "3edb993a111007296c3719160b906b3b264dec72"
    },
    "email": null,
    "root": "C:/Users/30846/Desktop/python/D6900",
    "host": "makabaka",
    "username": "makabaka",
    "executable": "C:\\Program Files\\Python37\\python.exe",
    "cpu_count": 8,
    "cpu_count_logical": 16,
    "cpu_freq": {
        "current": 3801.0,
        "min": 0.0,
        "max": 3801.0
    },
    "cpu_freq_per_core": [
        {
            "current": 3801.0,
            "min": 0.0,
            "max": 3801.0
        }
    ],
    "disk": {
        "/": {
            "total": 465.0229263305664,
            "used": 397.4240417480469
        }
    },
    "gpu": "NVIDIA GeForce RTX 2060 SUPER",
    "gpu_count": 1,
    "gpu_devices": [
        {
            "name": "NVIDIA GeForce RTX 2060 SUPER",
            "memory_total": 8589934592
        }
    ],
    "memory": {
        "total": 31.927772521972656
    }
}
